<?xml version="1.0" encoding="UTF-8"?>
<project-private xmlns="http://www.netbeans.org/ns/project-private/1">
    <editor-bookmarks xmlns="http://www.netbeans.org/ns/editor-bookmarks/2" lastBookmarkId="0"/>
    <open-files xmlns="http://www.netbeans.org/ns/projectui-open-files/2">
        <group>
            <file>file:/home/asn2/NetBeansProjects/ASN_LP1MS2-master/app.js</file>
            <file>file:/home/asn2/NetBeansProjects/ASN_LP1MS2-master/routes/search.js</file>
            <file>file:/home/asn2/NetBeansProjects/ASN_LP1MS2-master/public/js/app.js</file>
            <file>file:/home/asn2/NetBeansProjects/ASN_LP1MS2-master/config.json</file>
            <file>file:/home/asn2/NetBeansProjects/ASN_LP1MS2-master/routes/index.js</file>
            <file>file:/home/asn2/NetBeansProjects/ASN_LP1MS2-master/keyvaluestore.js</file>
            <file>file:/home/asn2/NetBeansProjects/ASN_LP1MS2-master/package.json</file>
            <file>file:/home/asn2/NetBeansProjects/ASN_LP1MS2-master/bin/www</file>
        </group>
    </open-files>
</project-private>
